search term,sex or gender,place of birth,occupation,country of residence,religion,voice_type,ethnic group,native language,age,filename
KATY+PERRY,female,Santa Barbara,singer,United States of America,,contralto,English American,English,33.0,"Katy Perry speech at Human Rights Campaign (Mar. 18, 2017)"
Justin+Bieber,male,London,singer-songwriter,Canada,,tenor,,English,23.0,Roast of Justin Bieber - Justin Bieber - Let's Get Serious
Taylor+Swift,female,Reading,singer-songwriter,United States of America,,mezzo-soprano,,,28.0,Taylor Swift | Album of the Year | 58th GRAMMYs
Rihanna,female,Saint Michael,singer,Barbados,Christianity,mezzo-soprano,,,29.0,Rihanna at Harvard Receiving their 2017 Humanitarian of the Year Award.
Justin+Timberlake,male,Memphis,actor,United States of America,,contratenor,,,36.0,Justin Timberlake Innovator Award Acceptance Speech @ 2015 iHeartRadio Music Awards
Ellen+DeGeneres,female,Metairie,actor,United States of America,,,white people,,59.0,"In case you missed my Tulane speech, watch it here!"
Britney+Spears,female,McComb,singer,United States of America,,soprano,,,36.0,Britney Spears Acceptance Speech for Pop Artist @ PCA 2014
Cristiano+Ronaldo,male,Funchal,association football player,Portugal,Catholicism,,Portuguese people,Portuguese,32.0,Cristiano Ronaldo ‚óè When A Man Gets Emotional ‚óè Interviews & Speeches
Kim+Kardashian+West,female,Los Angeles,fashion designer,United States of America,Catholicism,,Armenian American,,37.0,Kim Kardashian West Speech at Variety's Power of Women
Shakira,female,Barranquilla,composer,Colombia,Catholic Church,contralto,,Spanish,40.0,Shakira's Speech at World Economic Forum 2017
Selena+Gomez,female,Texas,singer,United States of America,,mezzo-soprano,,,25.0,Selena Gomez's AMA Heartfelt Acceptance Speech 2016
Jennifer+Lopez,female,New York City,film actor,United States of America,,mezzo-soprano,,,48.0,Power of Women: Jennifer Lopez on  Lopez Family Foundation
Ariana+Grande,female,Boca Raton,singer,United States of America,,soprano,,,24.0,Ariana Grande AMAs 2016 acceptance speech Artist Of The Year (Legendado)
Demi+Lovato,female,Albuquerque,actor,United States of America,,,Italian American,,25.0,Demi Lovato's speech at the National Alliance of Mental Illness - Sept. 4th
jimmy+fallon,male,New York City,actor,United States of America,,,,,43.0,Jimmy Fallon Addresses the Events in Charlottesville
Oprah+Winfrey,female,Kosciusko,film actor,United States of America,,,African Americans,,63.0,Oprah Winfrey Harvard Commencement speech | Harvard Commencement 2013
P!nk,female,Doylestown,actor,United States of America,,contralto,,,38.0,P!nk Accepts the 'Michael Jackson Video Vanguard Award' | 2017 VMAs | MTV
Drizzy,male,Toronto,actor,Canada,,,,,31.0,Drizzy Making Speech At Canada Day 150
Bill+Gates,male,Seattle,entrepreneur,United States of America,,,Scotch-Irish American,,62.0,Bill Gates Speech at Harvard (part 1)
LeBron+James,male,Akron,basketball player,United States of America,,,African Americans,,33.0,"FNN: Lebron James Gives EMOTIONAL, Expletive-Filled Speech at Victory Celebration in Cleveland"
Bruno+Mars,male,Honolulu,singer,United States of America,,tenor,,English,32.0,Bruno Mars' Inspiring Speech subtitulado espa√±ol
Kaka,male,"Gama, Federal District",association football player,Brazil,,,,,35.0,KAKA Last Chevrolet Apsara Awards 2012 Speech.
Adele,female,Tottenham,singer-songwriter,United Kingdom,,mezzo-soprano,,,29.0,Adele Wins Album Of The Year | Acceptance Speech | 59th GRAMMYs
Niall+Horan,male,Mullingar,singer,Ireland,,,,,24.0,Niall Horan's emotional speech during One Love Manchester.
Miley+Ray+Cyrus,female,Franklin,singer,United States of America,,mezzo-soprano,,,25.0,Miley Cyrus Gives Powerful Speech At AmfAR Inspiration Gala | MTV News
Alicia+Keys,female,New York City,film actor,United States of America,,contralto,African Americans,,36.0,Alicia Keys Emotional Speech | 2016 Video Music Awards | MTV
Kevin+Hart,male,North Philadelphia,actor,United States of America,,,African Americans,,38.0,KEVIN HART WINS 2017 PEOPLES CHOICE AWARD FAVORITE COMEDIC ACTOR THE ROCK FLIPS HIM OFF AT END
Pitbull,male,Miami,rapper,United States of America,,,Cuban American,,36.0,Pitbull motivational speech
Louis+Tomlinson,male,Doncaster,singer,United Kingdom,,,,,26.0,One Direction Louis Tomlinson's Speech 08.06.2014
NICKI+MINAJ,female,Port of Spain,composer,Trinidad and Tobago,Christianity,mezzo-soprano,African Americans,,35.0,Nicki Minaj gives an amazing speech while being honored by Fergie at the #FLAs2017
Neymar+Jr,male,Mogi das Cruzes,association football player,Brazil,,,,Brazilian Portuguese,25.0,Emotional Farewell Message from Neymar Jr to Barcelona üò≠üò≠üò≠
Marshall+Mathers,male,St. Joseph,rapper,United States of America,,,,,45.0,Eminem - Campaign Speech
Emma+Watson,female,Paris,actor,United Kingdom,,,,,27.0,Emma Watson at the HeForShe Campaign 2014 - Official UN Video
Avril+Lavigne,female,Belleville,singer-songwriter,Canada,Christianity,contralto,English Canadian,,33.0,Avril Lavigne - Winning single and album of the year @ Juno Awards 24/04/2003
Neil+Patrick+Harris,male,Albuquerque,television actor,United States of America,,,,,44.0,The People's Choice for Favorite TV Comedy Actor is Neil Patrick Harris
daniel+tosh,male,Boppard,stand-up comedian,United States of America,,,,,42.0,Daniel Tosh at UCF 1 of 2
David+Guetta,male,Paris,disc jockey,France,,,,,50.0,"David Guetta Talks Party Drugs, Gives Advice To New DJs | Larry King Now | Ora.TV"
Conan+O'Brien,male,Brookline,television presenter,United States of America,,,,,54.0,Conan O'Brien's 2011 Dartmouth College Commencement Address
ashton+kutcher,male,Cedar Rapids,television actor,United States of America,,,,,39.0,Ashton Kutcher Speech - Teen Choice Awards (HQ)
Khlo√©,female,Los Angeles,actor,United States of America,,,Armenian American,,33.0,Khloe Banned From Giving Speech at Kim & Kanye‚Äôs Wedding
Kourtney+Kardashian,female,Beverly Hills,actor,United States of America,,,Armenian American,,38.0,Glamour Awards: Kourtney Kardashian shrugs off Justin Bieber question
zayn,male,Bradford,singer,United Kingdom,,tenor,,,24.0,Zayn Malik thanks One Direction in acceptance speech (FULL)
Mariah+Carey,female,Huntington,actor,United States of America,,soprano,African Americans,,47.0,Mariah Carey's best speech so far
Ed+Sheeran,male,Halifax,singer-songwriter,United Kingdom,,tenor,,,26.0,"Ed Sheeran full speech ""American Stuttering Institute Gala"" 2015"
Christina+Aguilera,female,New York City,singer,United States of America,,soprano,,,37.0,Christina Aguilera's Muhammad Ali Humanitarian of the Year Acceptance
Jim+Carrey,male,Newmarket,actor,United States of America,,,,,55.0,"Full Speech: Jim Carrey's Commencement Address at the 2014 MUM Graduation  (EN, FR, ES, RU, GR,...)"
KANYE+WEST,male,Atlanta,singer,United States of America,,,,,40.0,Kanye West's Moment | 2016 Video Music Awards | MTV
Chris+Brown,male,Tappahannock,actor,United States of America,,tenor,African Americans,,28.0,Chris Brown speech at Tidal Pop Up Show 2017
Aamir+Khan,male,Mumbai,actor,India,Islam,,,,52.0,Speech by Amir Khan
Salman+Khan,male,Indore,film actor,India,,,,,52.0,Salman Khan's FUNNIEST Speech Where He Could'nt Stop Laughing At All
AGNEZ+MO,female,Jakarta,singer,Indonesia,Christianity,,,,31.0,Global Youth Forum Bali 2012- Agnes Monica
Beyonc√©+Knowles,female,Houston,record producer,United States of America,,soprano,African Americans,,36.0,CFDA Awards Fashion Icon Acceptance Speech
Blake+Shelton,male,Ada,musician,United States of America,,,,,41.0,"Blake Shelton accepts The People's Choice award for ""Favorite Album"""
Ryan+Seacrest,male,Dunwoody,television presenter,United States of America,,,,,43.0,Ryan Seacrest Commencement Address and Honorary Degree
Ivete+Sangalo,female,Juazeiro,singer,Brazil,,contralto,,,52.0,Comiss√°ria Ivete Sangalo no v√¥o da TAM SPEECH
Leonardo+DiCaprio,male,Los Angeles,actor,United States of America,Catholicism,,German American,English,43.0,Oscars 2016 Leonardo DiCaprio Wins best Actor - Speech 2016 VOSTFR [HD] QUALITY
Paris+Hilton,female,New York City,actor,United States of America,,,,,36.0,The Smart Paris Hilton -
will.i.am,male,East Los Angeles,singer-songwriter,United States of America,,,,,42.0,will.i.am Fireside Chat with Marc Benioff: Connections 2014
Kendall+Jenner,female,Los Angeles,socialite,United States of America,,,,,22.0,Kendall Jenner Billboard Awards One Direction Fail
Tyra+Banks,female,Inglewood,film actor,United States of America,,,African Americans,,44.0,Tyra Banks yells at girl
Snoop+Dogg,male,Long Beach,actor,United States of America,,,African Americans,,46.0,Snoop Dogg's UNEDITED Rock & Roll HOF Speech - Tupac Shakur Induction
Alejandro+Sanz,male,Madrid,singer,Spain,,,,,49.0,Alexandro Sanz Speech Berkley University boston
Ricky+Martin,male,San Juan,singer,Puerto Rico,,tenor,,,46.0,Ricky Martin at the 2010 HRC National Dinner
Ronaldinho+Ga√∫cho,male,Porto Alegre,association football player,Brazil,,,,,37.0,Ronaldinho The Best Player In The World 2005
Simon+Cowell,male,London Borough of Lambeth,actor,United Kingdom,,,,,58.0,Inspiring Words From Simon Cowell
Wayne+Rooney,male,Liverpool,association football player,United Kingdom,,,,,32.0,Emotional Wayne Rooney Changing Room Speech | Inside Access
Kevin+Durant,male,"Washington, D.C.",basketball player,United States of America,,,African Americans,,29.0,Kevin Durant 2013-14 MVP Speech
raditya+dika,male,Jakarta,actor,Indonesia,,,,,33.0,RADITYA DIKA NYANYI MENGENANG PINK
Kylie+Jenner,female,Calabasas,model,United States of America,,,,,20.0,Kylie Jenner talks bullying
Claudia+Leitte,female,S√£o Gon√ßalo,singer,Brazil,,contralto,,,37.0,"Billboard Music Awards 2014: Pitbull, Jennifer Lopez e Claudia Leitte"
Deepika+Padukone,female,Copenhagen,actor,India,,,,,31.0,Deepika Padukone Filmfare Speech
Stephen+Fry,male,Hampstead,actor,United Kingdom,atheism,,,,60.0,"Stephen Fry's Emotional speech in a debate, with Christopher Hitchens."
Charlie+Sheen,male,New York City,actor,United States of America,,,,,52.0,Roast of Charlie Sheen (Charlie's speech legendado)
Andr√©s+Iniesta,male,Fuentealbilla,association football player,Spain,,,,,33.0,Emotional speech of Andres Iniesta | Tribute Xavi Hernandez Sub English
Hrithik+Roshan,male,Peru,actor,India,,,Punjabi people,,43.0,Hrithik Roshan speaks to students | GIIS leadership Lecture Series 2013 | Part 2
Luciano+Huck,male,S√£o Paulo,television presenter,Brazil,,,,,46.0,Pete Cashmore and Luciano Huck speak at Rio + Social (PART 1)
Gerard+Piqu√©,male,Barcelona,association football player,Spain,,,,,30.0,Gerard Pique Celebration Speech 2016
Zac+Efron,male,San Luis Obispo,actor,United States of America,agnosticism,,,,30.0,That Awkward Moment - Zac Efron - last emotive scene
Carly+Rae+Jepsen,female,Mission,singer,Canada,,soprano,,,32.0,Barack Obama Singing Call Me Maybe by Carly Rae Jepsen
Russell+Brand,male,Grays,actor,United Kingdom,Hinduism,,,,42.0,Russell Brand - Awakened Man
JUANES,male,Medell√≠n,singer,Colombia,,,,,45.0,SPEECH - Juanes on singing in spanish. at The 55th Annual...
Paulina+Rubio,female,Mexico City,television actor,Spain,,,,,46.0,Oswaldo Pisfil en Showbiz Tema: Paulina Rubio
Ludacris,male,Champaign,musician,United States of America,,,African Americans,,40.0,Drake Ends His Beef With Ludacris at the Billboard Music Awards | Genius News
SHAQ,male,Newark,basketball player,United States of America,Islam,,African Americans,,45.0,Shaquille O‚ÄôNeal‚Äôs Basketball Hall of Fame Enshrinement Speech
Paulo+Coelho,male,Rio de Janeiro,writer,Brazil,,,,,70.0,CPEU2 - Paulo Coelho
Kelly+Clarkson,female,Fort Worth,singer,United States of America,,soprano,,,35.0,Kelly Clarkson honored for her work with XQ Super School at Variety's Power of Women
Tom+Hanks,male,Concord,film actor,United States of America,Catholic Church,,Portuguese American,,61.0,Tom Hanks Addresses the Yale Class of 2011
Usher+Raymond+IV,male,Dallas,singer,United States of America,,tenor,African Americans,,39.0,Usher Raymond IV Speaks on the Education Crisis
Akshay+Kumar,male,Amritsar,actor,Canada,,,,Punjabi,49.0,Akshay Kumar Funniest Speech for Twinkle Khanna at Vouge Beauty Awards 2017
luna+maya,female,Denpasar,actor,Indonesia,,,,,34.0,Speech by Luna Maya
Ricky+Gervais,male,Reading,actor,United Kingdom,atheism,,,,56.0,Golden Globes 2011 - Ricky Gervais Opening Monologue
Mesut+√ñzil,male,Gelsenkirchen,association football player,Germany,Islam,,Kurds in Syria,,29.0,Mesut √ñzil Arsenal Press Conference
Cem+Yƒ±lmaz,male,Istanbul,rower,Turkey,,,,,35.0,Cem Yƒ±lmaz`dan ƒ∞ngilizce ≈ûov
Nick+Jonas,male,Dallas,actor,United States of America,,tenor,,,25.0,Nick Jonas - Full Address
Xabi+Alonso,male,Tolosa,association football player,Spain,,,Basque people,Basque,36.0,Xabi Alonso's Liverpool FC story | In his own words
Dwayne+Johnson,male,Hayward,actor,United States of America,Christian,,African Americans,,45.0,YOU CAN ACHIEVE ANYTHING - The Rock's Ultimate Motivational Speech for Success
Enrique+Iglesias,male,Madrid,singer,Spain,,,,Spanish,42.0,Enrique Iglesias Open up in an Interview
Stephen+Colbert,male,"Washington, D.C.",actor,United States of America,,,,,53.0,Stephen Colbert 2011 Commencement Speech at Northwestern University
Victoria+Justice,female,Hollywood,actor,United States of America,,,,,24.0,Miranda and Victoria's Speeches!
Radamel+Falcao,male,Santa Marta,association football player,Colombia,,,,,31.0,Radamel Falcao: 'Please Don't Make Me Play For Liverpool!'*
Lindsay+Lohan,female,New York City,actor,United States of America,,,,,31.0,Cady's Homecoming Speech
Austin+Mahone,male,San Antonio,singer-songwriter,United States of America,,,,English,21.0,Young Hollywood Awards-Austin Mahone speech
Victoria+Beckham,female,Harlow,singer,United Kingdom,,,,English,43.0,Victoria Beckham Smiles for Glamour's Women of the Year Awards
Trey+Songz,male,Petersburg,singer,United States of America,,tenor,African Americans,,33.0,Trey Songz Surprises East Tesch High School
Sofia+Vergara,female,Barranquilla,model,Colombia,Catholicism,,Colombians,Spanish,45.0,Sexy Sofia Vergara Funny Golden Globes Joke Blooper
Jessica+Alba,female,Pomona,actor,United States of America,,,,,36.0,Jessica Alba | The Honest Company | 2015 | Student Q&A
Rafa+Nadal,male,Manacor,tennis player,Spain,,,Hispanic,,31.0,Rafael Nadal Trophy Presentation | Australian Open 2017
Daddy+Yankee,male,R√≠o Piedras,singer,Puerto Rico,,,,,40.0,Daddy Yankee Accepts the Voice of Music Award at the 2014 ASCAP Latin Music Awards
afgansyah+reza,male,Bandung,actor,Malaysia,,tenor,,,28.0,11Ayg   Indo Afgan
Virat+Kohli+,male,Delhi,cricketer,India,,,,,29.0,"Amir Liaqat Blasting Message To SEHWAG, RISHI KAPOOR, VIRAT KOHLI Pakistan India Final 18 June 2017"
Jessie+J,female,Chadwell Heath,singer,United Kingdom,,mezzo-soprano,,,29.0,Jessie J gives a really inspiring speech - Edinburgh Castle - 17/07/13
Vidi+Aldiano,male,Jakarta,singer,Indonesia,,,,,27.0,MAUDY AYUNDA ngerjain VIDI ALDIANO di #SalahSambung
sachin+tendulkar,male,Mumbai,cricketer,India,,,,,44.0,Sachin Tendulkar's most INSPIRATIONAL SPEECH - MUST WATCH.
Carles+Puyol,male,La Pobla de Segur,association football player,Spain,,,,,39.0,Xavi Hernandez Crying In Farewell Puyol 15/05/2014
Seth+MacFarlane,male,Kent,screenwriter,United States of America,atheism,baritone,,,44.0,"""Family Guy"" Creator Seth MacFarlane Class Day | Harvard Commencement 2006"
Thalia,female,Mexico City,film actor,United States of America,,,,,46.0,Thalia - Eres Awards 1992 (Speech & Sorbito De Champagne)
Pharrell+Williams,male,Virginia Beach,singer,United States of America,,,African Americans,,44.0,NYU Commencement 2017--Pharrell WIlliams Remarks
Joe+Jonas,male,Casa Grande,singer,United States of America,,,,,28.0,2017 Hero Award: Nick Jonas | Radio Disney Music Awards
Big+Sean,male,Detroit,rapper,United States of America,,,African Americans,,29.0,BIG SEAN - PATIENCE
Aziz+Ansari,male,Columbia,actor,United States of America,ŸÖ,,Tamil American,,34.0,Aziz Ansari Is PISSED About His Britannia Award (Acceptance Speech)
Kobe+Bryant,male,Philadelphia,basketball player,United States of America,Catholicism,,African Americans,,39.0,Kobe Bryant's Final Game Farewell Speech
David+Bisbal,male,Almer√≠a,singer-songwriter,Spain,,,,,38.0,David Bisbal Performs at Festival of Media LatAm 2015
Abhishek+Bachchan+,male,Mumbai,actor,India,,,,,41.0,Sandeep Maheshwari 7 Rules of Success Inspirational Speech | Motivational Seminar
Channing+Tatum,male,Cullman,actor,United States of America,,,Irish American,,37.0,Channing Tatum Hilarious Interviews!
Robin+van+Persie,male,Rotterdam,association football player,Kingdom of the Netherlands,,,,Dutch,34.0,Robin van Persie Says 'I Will Miss Best Friend Nemanja Vidic At Manchester United'
Sonam+Kapoor,female,Chembur,film actor,India,,,Sindhi people,Hindi,32.0,Sonam Kapoor Motivational Speech | Inaugurating Neerja Bhanot's Plaque | Viralbollywood
Cody+Simpson,male,Gold Coast,singer-songwriter,Australia,,,,,20.0,'WE HAVE THE POWER TO MAKE A DIFFERENCE'  Cody Simpson speaking at the 2016 Social Good Summit
Luis+Fonsi+,male,San Juan,singer,Puerto Rico,,tenor,,,39.0,"The Voice 2017 Mark Isaiah, Luis Fonsi & Daddy Yankee - Finale: ‚ÄúDespacito‚Äù"
David+Luiz,male,"Diadema, S√£o Paulo",association football player,Brazil,,,,,30.0,David Luiz  - Thank God PSG Have Not Found My Rece
Gareth+Bale,male,Cardiff,association football player,,,,,,28.0,Gareth Bale  press conference ahead of Wales v England
John+Cena,male,West Newbury,television actor,United States of America,,,,,40.0,JOHN CENA - NEVER GIVE UP | SPEECH | FULL
J.+Cole,male,Frankfurt,rapper,United States of America,,,African Americans,,32.0,J Cole - Drops The Realest Speech Ever
Elissa,female,Deir el Ahmar,singer,Lebanon,,,,,47.0,Elissa - Music awards 2006 / ÿ•ŸÑŸäÿ≥ÿß - ÿ¨ÿßÿ¶ÿ≤ÿ© ÿ£ÿ≠ÿ≥ŸÜ ŸÖÿ∫ŸÜŸäÿ© ÿπÿ±ÿ®Ÿäÿ© 2006
Miranda+Cosgrove,female,Los Angeles,actor,United States of America,,,,,24.0,Miranda and Victoria's Speeches!
John+Legend,male,Springfield,singer-songwriter,United States of America,,baritone,African Americans,,39.0,Penn's 258th Commencement Ceremony - Commencement Speaker John Legend
Eva+Longoria,female,Corpus Christi,actor,United States of America,,,,,42.0,Raw Video: Actress Eva Longoria talks about American opportunity
Karan+Johar,male,Mumbai,actor,India,,,Punjabi people,,45.0,Best of Karan Johar Speech  | Conversation With Shobhaa De | 'An Unsuitable Boy' Book Launch
David+Villa,male,Langreo,association football player,Spain,,,,,35.0,David Villa thanks the New York City FC fans
Cher+Lloyd,female,Malvern,rapper,United Kingdom,,soprano,,,24.0,Cher Lloyd speech
Jessica+Simpson,female,Abilene,singer,United States of America,,soprano,,,37.0,Operation Smile: 25th Anniversary Gala with Jessica Simpson
Nancy+Ajram,female,Achrafieh,singer,Lebanon,,,,,34.0,Nancy Ajram CNN Interview HD (Turkish Subtitles)
Anderson+Silva,male,S√£o Paulo,boxer,Brazil,,,,,42.0,UFC 208: Anderson Silva Octagon Interview
Ricardo+Montaner,male,Valent√≠n Alsina,singer,Venezuela,,tenor,,,60.0,Ricardo Montaner en Ke Krees
Carmelo+Anthony,male,Brooklyn,basketball player,United States of America,,,,,33.0,"[2016 ESPYs] Carmelo Anthony, Chris Paul, Dwyane Wade, & LeBron James opening segment."
Sarah+Silverman,female,Manchester,comedian,United States of America,,,American Jews,,47.0,Sarah Silverman Democratic National Convention FULL Speech 7/25/16 DNC Philadelphia
Nicole+Polizzi,female,Santiago,actor,United States of America,,,,,30.0,"Snooki Speech Angers Rutgers Students, Sparks Fee Backlash"
marcelo+tinelli,male,San Carlos de Bol√≠var,television presenter,Argentina,,,,,57.0,Jorge Lanata - Videomatch
Angel+Locsin,female,Bulacan,model,Philippines,,,,,32.0,Angel Locsin Best Actress Speech.mov
Queen+Latifah,female,Newark,television actor,United States of America,,,African Americans,,47.0,Lady Leshurr - Queen's Speech Ep.4
zooey+deschanel,female,Los Angeles,actor,United States of America,,,,,37.0,Zooey Deschanel - 'Eulogy' Speech (2004)
Raffi+Ahmad,male,Bandung,actor,Indonesia,,,,,30.0,Beib Beib !!YKS Raffi ahmad Feat Cinta Laura speech composing by Depri darwis
NE-YO,male,Las Vegas,singer,United States of America,,,,,38.0,"Ne-Yo talks favorite sex position, celebrity hook-ups, Mila Kunis & Rihanna"
Calvin+Harris,male,Dumfries,disc jockey,United Kingdom,,,,,33.0,Calvin Harris Wins Best Male Video | 2016 Video Music Awards | MTV
Richard+Branson,male,Blackheath,entrepreneur,United Kingdom,atheism,,,,67.0,Richard Branson's MOTIVATIONAL SPEECHES - #MentorMeRichard
Ciara,female,Austin,singer,United States of America,,soprano,African Americans,,32.0,Ciara - Speechless
Steve+Martin,male,Waco,television actor,United States of America,,,English American,,72.0,Steve Martin receives an Honorary Award at the 2013 Governors Awards
Olly+Murs,male,Witham,choreographer,United Kingdom,,,,,33.0,Glamour Awards 2017: Olly Murs 'storms off' during chat with Emma Willis
fearne+cotton,female,Northwood,television presenter,United Kingdom,,,,,36.0,Keith Lemon & Fearne Cotton Recreate The Adele Brits Speech - Celebrity Juice
Rio+Ferdinand,male,Denmark Hill,association football player,United Kingdom,,,,,39.0,Amazing Rio Ferdinand Q + A with England U16s | Inside Access
Floyd+Mayweather,male,Grand Rapids,boxer,United States of America,,,,,40.0,Watch Mayweather's emotional final press conference speech= Mayweather vs Berto Full Video
Luke+Hemmings,male,Sydney,singer,Australia,,,,,21.0,5 Seconds of Summer - Luke Hemmings' Speech (Live in Malaysia)
shireen+sungkar,female,Jakarta,actor,Indonesia,,,,,25.0,Shireen's Speech
Jessica+Iskandar,female,Jakarta,actor,Indonesia,,,,,29.0,"LAUNCHING LAPTOP SULTAN feat JodieMotovlogHD, Eka Gustiwana & Jessica Iskandar"
Anderson+Cooper,male,New York City,journalist,United States of America,,,,,50.0,Anderson Cooper's Magnificent Response To Trump After Another 'Shocking Speech' (FULL)
Mario+Teguh,male,Makassar,consultant,Indonesia,,,,,61.0,Mario Teguh Nyanyi - Everyday Selalu SUPER (@EkaGustiwana)
Farhan+Akhtar,male,Mumbai,actor,India,,,,,43.0,Farhan Akhtar Speech At Global Citizen India | Viralbollywood
Jennette+McCurdy,female,Long Beach,actor,United States of America,,,,,25.0,Jennette McCurdy speech at McCurdicon
Gusttavo+Lima,male,Presidente Oleg√°rio,singer,Brazil,,,,,28.0,GUSTTAVO LIMA - NOTAS ALTAS (DIZ PRA MIM) - AO VIVO
Nicole+Scherzinger,female,Honolulu,actor,United States of America,,,,,39.0,Nicole Scherzinger Nails These Celebrity Impressions!
Amr+Khaled,male,Alexandria,accountant,Egypt,Islam,,,,50.0,One on One - Amr Khaled
Meek+Mill,male,Philadelphia,rapper,United States of America,,,African Americans,,30.0,Meek Mill- Motivational talk
Iker+Casillas,male,M√≥stoles,association football player,Spain,,,,,36.0,"Iker Casillas full farewell speech, english subtitles"
Rita+Ora,female,Prishtina,singer-songwriter,United Kingdom,Catholic Church,mezzo-soprano,,,27.0,Rita Ora: As a refugee you never want to hear the words 'get out'
Luisana+Lopilato,female,Buenos Aires,actor,Argentina,,mezzo-soprano,,,30.0,Michael Bubl√© se emocion√≥ al reaparecer tras el c√°ncer que super√≥ Noah
Nick+Cannon,male,San Diego,screenwriter,United States of America,,,African Americans,,37.0,Nick Cannon - Stand For What
Bambang+Pamungkas,male,Semarang,association football player,Indonesia,,,,,37.0,Episode 6 #BattleOfLife Bepe Ditolak Diklat Salatiga
Sandy+Leah,female,Campinas,singer,Brazil,,soprano,,,34.0,SANDY - MELHORES NOTAS ALTAS EM VOZ DE CABE√áA
Miranda+Lambert,female,Longview,singer-songwriter,United States of America,,,,,34.0,Miranda Lambert Gets Emotional During Historic 2017 CMAs Acceptance Speech
Nash+Grier,male,Greensboro,Internet celebrity,United States of America,,,,,20.0,The Win Back Speech Subtitulado en Espa√±ol [Nash Grier]
bunga+citra+lestari,female,Jakarta,actor,Malaysia,,,,,34.0,"BCL, ICL"
Ben+Stiller,male,New York City,screenwriter,United States of America,,,American Jews,,52.0,2001 MTV Awards - Ben Stiller Speech
Yeng+Constantino,female,Rodriguez,singer,Philippines,,,,,29.0,YENG CONSTANTINO TESTIMONY  (NATION TRANSFORMER) by: YROCK
Mindy+Kaling,female,Cambridge,actor,United States of America,,,Indian American,,38.0,Mindy Kaling's Speech at Harvard Law School Class Day 2014
Luke+Bryan,male,Leesburg,singer-songwriter,United States of America,,,,,41.0,Luke Bryan - Wins Entertainer Of The Year? - ACM Awards 2013
David+De+Gea,male,Madrid,association football player,Spain,,,,,27.0,David De Gea Speaking English
Tiger+Woods,male,Cypress,writer,United States of America,Buddhism,,,,42.0,Tiger Woods' Press Conference Apology
Mike+Tyson,male,Brooklyn,boxer,United States of America,Islam,,,,51.0,Iron Mike Tyson Motivational Speech
Lenny+Kravitz,male,New York City,singer,United States of America,,tenor,African Americans,,53.0,Lenny Kravitz's Speech At The MTV Awards 1993
kevin+jonas,male,Teaneck,singer,United States of America,,,,,30.0,Kevin Jonas Fired!
Jonah+Hill,male,Los Angeles,actor,United States of America,,,American Jews,,34.0,Roast of James Franco - The Franco Philosophy - Uncensored
Nicole+Richie,female,Berkeley,actor,United States of America,,,,,36.0,Candidly Nicole | Nicole Richie Performs At Her Art Show | VH1
Hilary+Duff,female,Houston,actor,United States of America,,,,,30.0,Cinderella Story Locker Room
Suresh+Raina,male,Muradnagar,cricketer,India,,,,,31.0,MS Dhoni is good honest man: Suresh Raina
G-DRAGON,male,Seoul,singer,South Korea,,,,,29.0,G-Dragon 2017 M.O.T.T.E in Singapore Monologue (Concert Video)
Anna+Kendrick,female,Portland,film actor,United States of America,,,,,32.0,Anna Kendrick - Variety's Power of Women (2015)
Alan+Carr,male,Weymouth,actor,United Kingdom,,,,,41.0,Alan Carr wins Entertainment Performance Bafta - The British Academy Television Awards 2013 - BBC
Angelica+Panganiban,female,Manila,comedian,Philippines,,,,,31.0,Banana Sundae: Angelica Panganiban's Spoken Word
Jonathan+Ross,male,Camden Town,television presenter,United Kingdom,,,,,57.0,Stephen Fry   Jonathan Ross   Language
Lucy+Hale,female,Memphis,television actor,United States of America,,,,,28.0,Lucy Hale Acceptance Award Speech TCA 2014 [LEGENDADO]
Bridgit+Mendler,female,"Washington, D.C.",singer,United States of America,,,,,25.0,Disney Channel actress Bridgit Mendler
John+Cleese,male,Weston-super-Mare,actor,United Kingdom,,,,,78.0,John Cleese thanks everyone on the planet for his award
Soulja+Boy+Tell+'Em,male,Chicago,musician,United States of America,,,African Americans,,27.0,"Soulja Boy on Defending Himself during Home Invasion, #SouljaBoyChallenge Original"
Carrie+Underwood,female,Muskogee,singer,United States of America,Christianity,mezzo-soprano,,,34.0,Carrie Underwood Wins Entertainer Of The Year - ACM Awards 2009
Yoko+Ono,female,Tokyo,peace activist,Japan,,,,,84.0,Yoko Ono: IMAGINE PEACE 2012.
Novak+Djokovic,male,Belgrade,tennis player,Federal Republic of Yugoslavia,Serbian Orthodox Church,,,Serbian,30.0,Novak Djokovic winner's speech - Australian Open 2015
Laudya+cynthia+bella,female,Bandung,actor,Indonesia,,,,,29.0,SWEET SPEECH From Engku Emran Kepada Laudya Cynthia Bella Di RESEPSI Bella 8 OKT 2017 !
John+Green,male,Indianapolis,writer,United States of America,Episcopal Church,,,,40.0,Kenyon College: John Green Commencement Address 2016
Bill+Simmons,male,Marlborough,sports columnist,United States of America,,,,,48.0,Bill Simmons and John McEnroe Call the Shots on the Future of Sports Journalism - FULL CONVERSATION
Diego+Forlan,male,Montevideo,association football player,Uruguay,,,,Spanish,38.0,Speech of Diego Forlan and fire work
Lea+Michele,female,The Bronx,actor,United States of America,,soprano,,,31.0,Glee Cast winning with Lea Michele's Acceptance Speech (2013 TCA's) (HD)
Bianca+Gonzalez,female,Manila,model,Philippines,,,Filipino people,,34.0,Bianca Gonzalez: Be the Twitter user you want to follow
Mahendra+Singh+Dhoni,male,Ranchi,cricketer,India,Hindu,,,,36.0,MS.Dhoni Inspirational Speech for Indian Youth 2016
Piers+Morgan,male,Guildford,journalist,United Kingdom,Catholic Church,,,,52.0,"Piers Morgan on his friend Donald Trump, tells snowflake liberals to get over it"
SKRILLEX,male,Los Angeles,club DJ,United States of America,,,,,29.0,GRAMMYs Live - Skrillex accepting his FIRST GRAMMY
Virender+Sehwag,male,Delhi,cricketer,India,,,,,39.0,Virender Sehwag retirement speech video
Chris+Paul,male,Lewisville,basketball player,United States of America,,,African Americans,,32.0,Chris Paul Motivational Speech at 2017 CP3 NMSC Camp - Chris Paul Basketball Advice
Jamie+Foxx,male,Terrell,actor,United States of America,,,,,50.0,Jamie Foxx Wins Best Actor: 2005 Oscars
Irfan+Bachdim,male,Amsterdam,association football player,Kingdom of the Netherlands,,,,,29.0,Speech by Rubina Irfan at the WIP Annual Summit 2013
KC+Concepcion,female,Manila,songwriter,Philippines,,,,,32.0,KC Concepcion beautiful speech in Global Youth Summit
Daniel+Padilla,male,Manila,musician,Philippines,,,,,22.0,Daniel Padilla acceptance speech for winning Best Actor at 33rd PMPC Star Awards for Movies
Marcelo+Vieira,male,Rio de Janeiro,association football player,Brazil,,,,,29.0,Marcelo Vieira 2017 ‚óè marcelo story ‚óè marcelo viera Skills ‚óè Marcelo Wife | HD
Michel+Tel√≥,male,Medianeira,singer-songwriter,Brazil,,,,,36.0,Michel Tel√≥ & Neymar Singing - Ai Se Eu Te Pegoc 1080 HD
Luis+Manzano,male,San Juan,comedian,Philippines,,,,,36.0,TWBA: Fast Talk with Luis Manzano
Steve+Carell,male,Concord,actor,United States of America,Catholicism,,,,55.0,Steve Carell's That What She Said Speech
Neil+deGrasse+Tyson,male,New York City,astrophysicist,United States of America,agnosticism,,African Americans,,59.0,Neil deGrasse Tyson on Knowledge vs. Thinking
Noel+Schajris,male,Buenos Aires,singer,Argentina,,,,,43.0,Noel Schajris Quinceanera.com interview.flv
Rev+Run,male,Queens,rapper,United States of America,,,,,53.0,Rev Run Speech
Sandra+Dewi,female,Pangkal Pinang,actor,,,,Chinese Indonesians,,34.0,Sandra Dewi and Harvey Moeis' Wedding Ceremony
Amr+Diab,male,Port Said,singer,Egypt,,,,,56.0,Amr Diab - Interview at Africa Music Awards | ŸÑŸÇÿßÿ° ÿπŸÖÿ±Ÿà ÿØŸäÿßÿ® ÿ£ÿ´ŸÜÿßÿ° ÿ™ÿ≥ŸÑŸäŸÖ ÿ¨ÿßÿ¶ÿ≤ÿ© ÿßŸÑŸÖŸäŸàÿ≤ŸÉ ÿ£Ÿàÿ±ÿØ 2009
Shawn+Mendes,male,Ontario,singer,Canada,,,,,19.0,Speech Jammer Challenge with Shawn Mendes & Tyler Layne
Felipe+Neto,male,,actor,Brazil,,,,,29.0,BRAZILIAN TRIES TO SPEAK GERMAN
Polo+Polo,male,Le√≥n,comedian,Mexico,,,,,74.0,Teri Polo Receives the Ally for Equality Award
Vijay+Mallya+,male,Bantwal,entrepreneur,India,,,,,62.0,Chief Justice TS Thakur breaks down before Narendra Modi during his speech
Ashton+Irwin,male,,drummer,,,,,,23.0,5 Seconds Of Summer - Ashton's Speech & Jet Black Heart live from The Broken Scene
Riteish+Deshmukh+,male,Latur,actor,India,,,,,39.0,EIC: Atul Khatri on Indians Traveling to America
LAMAR+ODOM,male,Queens,basketball player,United States of America,,,African Americans,,38.0,Lamar Odom wins Sixth Man award
Preta+Gil,female,,singer,Brazil,,,,,43.0,SHOW DE ANIVERS√ÅRIO DA PRETA GIL | Estilo Bif√°sico
TOM+CAVALCANTE,male,Fortaleza,actor,Brazil,,,,,55.0,RONALTOM E MILTON NEVES PARTE1/2
Randy+Orton,male,Knoxville,professional wrestler,United States of America,,,,,37.0,"Randy Orton emerges with a special message for Sheamus: SmackDown, July 9, 2015"
DJ+KING+ASSASSIN,male,Los Angeles,actor,United States of America,,,,,46.0,Shock G And DJ King Assassin #2Pac #UnderWater @HumptyFunk #MAKAVELI2016
Gading+Marten,male,Indonesia,actor,Indonesia,,,,,35.0,NET. ONE Anniversary - Breakthrough Artis of The Year | NET ONE | NetMediatama
Lucero,female,Mexico City,actor,Mexico,,,,,48.0,Camp Lucero Visit (Speech) 6/6/2017
Kevin+Spacey,male,South Orange,film actor,United States of America,,,,English,58.0,Kevin Spacey - Motivational speech
Ozzy+Osbourne,male,Aston,singer-songwriter,United Kingdom,Anglicanism,tenor,,,69.0,TIME Magazine Interviews: Ozzy Osbourne
Adam+Schefter,male,Valley Stream,writer,United States of America,,,,,51.0,Adam Schefter named honorary captain for Michigan home opener
Gary+Lineker,male,Leicester,association football player,United Kingdom,,,,,57.0,Gary Lineker best man speech 22 Dec 2014
Vhong+Navarro,male,Makati,actor,Philippines,,,,,40.0,Vhong Navarro is back on It's Showtime
Cristine+Reyes,female,Marikina,model,Philippines,,,,,28.0,TWBA: Fast Talk with Cristine Reyes
Jordin+Sparks,female,Phoenix,actor,United States of America,Evangelical Christianity,,African Americans,,28.0,Jordin Sparks Speech about LGBQT Love (Miami Gay Pride 2016)
Sƒ±la+Gen√ßoƒülu,female,Denizli,singer,Turkey,,,,,37.0,S√ºper Konuk: Sƒ±la - Part 3
Najwa+Karam,female,Zahl√©,singer,Lebanon,,,,,51.0,Finding Home Through Poetry | Najwa Zebian | TEDxCoventGardenWomen
Victor+Valdes,male,L'Hospitalet de Llobregat,association football player,Spain,,,,,35.0,V√≠ctor Vald√©s (Marlon Becerra Entrevista)
Jamel+Debbouze,male,Paris,actor,France,,,,French,42.0,Jamel Debbouze - Le sketch du mariage
Julia+Montes,female,Quezon City,model,Philippines,,,,,22.0,Julia Montes speech at the Gawad Tanglaw 2016
Eden+hazard,male,La Louvi√®re,association football player,Belgium,,,,,26.0,Player of the Year Awards 2014
Miranda+Kerr,female,Sydney,model,Australia,Christianity,,,,34.0,Victoria s Secret Angel Miranda Kerr makes a speech to begin the Gillette Venus Step
Gary+Barlow,male,Frodsham,singer-songwriter,United Kingdom,,,,,46.0,Gary Barlow's speech at GQ Men of the Year Awards 2012
Carmen+Aristegui,female,Mexico City,journalist,Mexico,,,,Spanish,52.0,Recibe Aristegui premio Premio Knight de Periodismo 2016 (Discurso) - Aristegui Noticias
Bill+Cosby,male,Philadelphia,television actor,United States of America,,,African Americans,,80.0,Bill Cosby Famous Pound Cake Speech
Tony+Hawk,male,San Diego,skateboarder,United States of America,,,,,49.0,Tony Hawk's Top 10 Rules For Success (@tonyhawk)
Andrea+Legarreta,female,Mexico City,economist,Mexico,,,,,37.0,Andrea Legarreta opina sobre el dolar
Tyler+Perry,male,New Orleans,actor,United States of America,,,African Americans,,51.0,Tyler Perry at Tuskegee University Commencement 2016
Julieta+Venegas,female,Long Beach,singer,Mexico,,mezzo-soprano,Mexican American,,47.0,Julieta Venegas recibe el Latin Grammy por Mejor Disco Pop Rock del a√±o
Bipasha+Basu,female,New Delhi,actor,India,,,,,38.0,Bipasha Basu Full Speech | Launch Of Springfit Mattresses Autograph Collection
PSY,male,Gangnam District,singer,South Korea,,,,,40.0,"""Gangnam Style"" Singer PSY Visits Harvard"
Cara+Delevingne,female,Hammersmith,model,United Kingdom,,,,,25.0,Cara Delevingne interviewed by Rupert Everett
zach+galifianakis,male,Wilkesboro,actor,United States of America,,,,,48.0,Alan's Speech
Kelly+Osbourne,female,Westminster,actor,United Kingdom,,,,,33.0,Arctic Monkeys South Bank Awards Speech
Eddie+Izzard,male,Colony of Aden,comedian,United Kingdom,atheism,,,,55.0,Eddie Izzard -  Ich Bin Ein Berliner
c√ºneyt+√∂zdemir,male,Ankara,journalist,Turkey,,,,,47.0,Dede'den C√ºneyt √ñzdemir'e: Ba≈üƒ±n saƒüolsun
Joel+Osteen,male,Houston,minister,United States of America,Pentecostalism,,,,54.0,Motivational Speech by Joel Osteen - Live With Confidence
Dylan+O'Brien,male,New York City,actor,United States of America,,,,,26.0,Dylan O'Brien - Young Hollywood Awards 2014
Yƒ±lmaz+Erdoƒüan,male,Hakk√¢ri,actor,Kurdistan,,,,,50.0,Yƒ±lmaz Erdoƒüan AACTA Awards'da 'En ƒ∞yi Yardƒ±mcƒ± Erkek Oyuncu'
Preity+zinta,female,Shimla,actor,India,,,,,42.0,Preity Zinta at the University of East London receiving an Honorary Doctorate
Roger+Federer,male,Basel,tennis player,Switzerland,,,,German,36.0,Roger Federer Australian Open winning Speech 2017 & Trophy Presentation
Lorde,female,Takapuna,singer-songwriter,New Zealand,,mezzo-soprano,,,21.0,Lorde Wins Best Pop Solo Performance | GRAMMYs
Ezequiel+Lavezzi,male,Villa Gobernador G√°lvez,association football player,Argentina,,,,,32.0,PSG's Lavezzi joking with the French Ligue President - Ligue 1 - 2013/2014
Jack+Whitehall,male,London,comedian,United Kingdom,,,,,29.0,Jack Whitehall and the Queen's speech - Would I Lie to You?  [CC]
Al+Yankovic,male,Downey,singer,United States of America,Christianity,,,,58.0,"""Weird Al"" Yankovic Wins Best Comedy Album | GRAMMYs"
Alejandro+Fernandez,male,Guadalajara,singer,Mexico,,,,,46.0,"Alejandro Fernandez. Speech + No lo beses, Alicante 22 Julio 2010"
Shreya+Ghoshal,female,Durgapur,singer,India,,soprano,,,33.0,Shreya Ghoshal Interview Part 1- ZEE TV USA
Ragheb+Alama,male,Beirut,singer,Lebanon,,,,,55.0,Ragheb Alama's speech at Georges Washington University
Wyclef+Jean,male,Croix-des-Bouquets,rapper,Haiti,,,,,48.0,Wyclef Jean Speech
Scooter+Braun,male,New York City,talent agent,United States of America,,,,,36.0,Scooter Braun Speech at the One Love Manchester Concert
Ti√´sto,male,Breda,disc jockey,Kingdom of the Netherlands,,,,,48.0,obama vs tiesto best speech ever(manny mix)
Kevin+Aprilio,male,Jakarta,,Indonesia,,,,,27.0,Kevin speech on climate and environment 2017
Ivan+Urgant,male,Saint Petersburg,actor,Russia,,,,Russian,39.0,Kate Beckinsale Teaches Stephen To Speak Russian
Norman+Thavaud,male,Arras,actor,France,,,,French,30.0,Mat Norman's amazing best mans speech
Usain+St.+Leo+Bolt,male,Sherwood Content,sprinter,Jamaica,,,,,31.0,Evolution of Usain Bolt's Races | 2004 ‚ûî 2017
Lance+Armstrong,male,Plano,sport cyclist,United States of America,,,,,46.0,Lance Armstrong Paris
Paul+Wesley,male,New Brunswick,television actor,United States of America,,,,,36.0,Paul Wesley and Ian Somerhalder behind the scenes
√Ålvaro+Arbeloa,male,Salamanca,association football player,Spain,,,,Spanish,34.0,√Ålvaro Arbeloa Farewell vs Valencia Home HD 1080i 08/05/2016
Paul+Pierce,male,Oakland,basketball player,United States of America,,,African Americans,,40.0,Paul Pierce's Speech
Joseph+Gordon-Levitt,male,Los Angeles,actor,United States of America,,,,,36.0,Joseph Gordon Levitt - Great Informative Speech Web Summit
Hamza+Namira,male,Saudi Arabia,singer,Egypt,,,,,37.0,Hamza Namira | Ensan - Human | English Subtitles (Motivation Song)
Jennifer+Hudson,female,Chicago,actor,United States of America,Baptist,mezzo-soprano,African Americans,,36.0,Jennifer Hudson winning Best Supporting Actress
Mark+Cuban,male,Pittsburgh,film producer,United States of America,,,,,59.0,Mark Cuban at USC | Full Interview | 2015
Joyce+Meyer,female,St. Louis,writer,United States of America,,,,,74.0,"Forgive Me God, Change Me"
Valentino+Rossi,male,Urbino,motorcycle racer,Italy,,,,,38.0,MotoGP‚Ñ¢ Assen 2013 -- Valentino Rossi interview
Taraji+P.+Henson,female,"Washington, D.C.",actor,United States of America,,,African Americans,,47.0,Taraji P. Henson Talks Equal Pay In Hollywood
Mohamed+ElBaradei,male,Cairo,politician,Egypt,Islam,,,,75.0,ElBaradei Nobel speech 1 of 2
Jim+Jones+,male,Randolph County,sect leader,United States of America,Sectario,,,,86.0,Jim Carrey in Pentagon Briefing Gulf War - In Living Color
Joel+McHale,male,Rome,actor,United States of America,,,,,46.0,Joel McHale at the 2014 White House Correspondents' Dinner (HD Complete)
Jaime+Camil,male,Mexico City,singer,Mexico,,,,,43.0,Gold Derby Jane the Virgin Star Jaime Camil
Aline+Barros,female,Rio de Janeiro,singer,Brazil,,,,,41.0,ALINE BARROS - EXTENS√ÉO VOCAL (D3-A6)
Nani,male,Praia,association football player,Portugal,,,,,31.0,"Hero Nani Speech @ Ninnu Kori Movie Pre-Release Event  || Nani, Nivetha Thomas, Aadhi Pinisetty"
ahmet+hakan,male,Yozgat,journalist,Turkey,,,,,50.0,Ahmet Hakan Speech Contest
Pedro+Rodr√≠guez,male,Mexico City,Formula One driver,Mexico,,,,,77.0,Tio Pedro's Speech & Song - Rodriguez Reunion 2009
SAM+SMITH,male,London,singer,United Kingdom,,tenor,,,22.0,Sam Smith thanks ex boyfriend for Grammy success ‚Äìvideo Music
Phillip+Schofield,male,Oldham,television presenter,United Kingdom,,,,,55.0,Phillip and Holly Struggle to Recover From Their NTA Win! | This Morning
Emily+Osment,female,Los Angeles,actor,United States of America,,,,,25.0,Emily Osment's speech
Enrique+Gil,male,Cebu,actor,Philippines,,,,,25.0,TWBA: Enrique talks about his dad
Sam+Milby,male,Troy,singer,United States of America,,,,,33.0,TWBA: Who is Sam Milby's great love and first love?
Mario+Balotelli,male,Legan√©s,association football player,Italy,,,,,27.0,Mourinho tells funny Balotelli story
Dolly+Parton,female,Sevier County,guitarist,United States of America,,soprano,Scotch-Irish American,,71.0,Dolly Parton Delivers Commencement Address at the University of Tennessee 2009
Chris+Moyles,male,Leeds,television presenter,United Kingdom,,,,,43.0,Chris Moyles meets Liam Gallagher
Brad+Paisley,male,Glen Dale,singer,United States of America,,baritone,,,45.0,BRAD TOUR WINTER 2011 PROMO/  2010 CMA AWARD ACCEPTANCE SPEACH!
FREDDY,male,Malanje,association football player,Angola,,,,,38.0,[FNAF SFM]   Freddy's Speech
Franco+De+Vita+,male,Caracas,singer,Venezuela,,,,,63.0,Your body language may shape who you are | Amy Cuddy
Haifa+Wehbe,female,Mahrouna,actor,Lebanon,,,,,41.0,Haifa Wehbe in Monte Carlo 2015
Danny+DeVito,male,Neptune Township,actor,United States of America,,,Italian American,,73.0,other peoples money danny devito
Rob+Dyrdek,male,Kettering,television presenter,United States of America,,,,,43.0,Rob Dyrdek - Success Secrets
JWOWW,female,Franklin Square,model,United States of America,,,,,31.0,SPEECH -  Jenni Jwoww Farley and Nicole Snooki Polizzi ta...
Lata+Mangeshkar,female,Madhya Pradesh,actor,India,,,,,88.0,Lata Mangeshkar At Star Guild Awards-2013
Paula+Fernandes,female,Sete Lagoas,singer,Brazil,,,,,33.0,"Shania Twain - ""Now"" Promo for Paula Fernandes (Brazilian singer)"
Syahrini,female,Sukabumi,actor,Indonesia,,,,,37.0,Speech Composing SYAHRINI - Bunga-Bunga (I FEEL FREE) @EkaGustiwana
Jason+Derulo,male,Miramar,dancer,United States of America,,,,,28.0,Jason Derulo Interview on Meredith Show 6.2.2015
Bruno+Gagliasso,male,Rio de Janeiro,actor,Brazil,,,,,35.0,ESSE CABELO √â SEU BRUNO GAGLIASSO? | Estilo Bif√°sico
Bruna+Marquezine,female,Duque de Caxias,actor,Brazil,,,,,22.0,"Carona do GE: Neymar fala sobre Sele√ß√£o, Messi e Bruna Marquezine"
Josh+Devine,male,England,drummer,United Kingdom,,,,,26.0,Stand By Me- Niall Horan From One Direction & Josh Devine
kesha+,female,Los Angeles,singer,United States of America,,,,English,30.0,Speech of the Miracle Parrot
Russell+Simmons,male,New York City,entrepreneur,United States of America,Buddhism,,,,60.0,Russell Simmons Honored at the 2017 EMA Awards
Jake+T.+Austin,male,New York City,actor,United States of America,,,,,23.0,Jake T. Austin Claims DWTS Is RIGGED & Fans React
Tulisa+Contostavlos,female,London,actor,United Kingdom,,,,,29.0,Singer Tulisa denies drugs charges in court
Chad+Johnson,male,Miami,American football player,United States of America,,,,,39.0,Chad Johnson makes his case for the Hall of Fame | UNDISPUTED
Chris+Rock,male,Andrews,screenwriter,United States of America,,,African Americans,,52.0,Chris Rock's Opening Monologue
Wesley+Sneijder,male,Utrecht,association football player,Kingdom of the Netherlands,,,,Dutch,33.0,Mourinho cries after sneijder speech . English
SEAN+KINGSTON+,male,Miami,singer,Jamaica,,,,,27.0,"John Cena vs. Randy Orton - ""I Quit"" WWE Title Match: WWE Breaking Point 2009 on WWE Network"
James+Franco,male,Palo Alto,actor,United States of America,,,,,39.0,James Franco at Cornell Senior Convocation | Commencement 2016
amanda+bynes,female,Thousand Oaks,actor,United States of America,,,,,31.0,"Sydney White 2007 with Amanda Bynes, Sara Paxton, Matt Long movies   YouTube"
Ana+Maria+Braga,female,,actor,Brazil,,,,,36.0,Ana Maria Braga - O Menino de Meias Vermelhas
MC+HAMMER,male,Oakland,musician,United States of America,,,African Americans,,55.0,Suge Knight MC Hammer 2Pac - August 1996 Brotherhood Crusade Rally (New Speech on Voting)
Gisele+B√ºndchen,female,Tr√™s de Maio,actor,Brazil,Catholicism,,German Brazilians,Portuguese,37.0,Gisele B√ºndchen's speech at UNEP's Champions of the Earth Award Ceremony 2013
Fergie,female,Hacienda Heights,singer,United States of America,Catholic Church,soprano,,,42.0,Sir Alex Ferguson Farewell Speech 5/12/2013 [Official]
Ayu+Dewi,female,Jakarta,actor,Indonesia,,,,,33.0,"Sogok Olga 5 Juta, Ayu Dewi Menang Award"
Nelly+Furtado,female,Victoria,singer,Canada,,mezzo-soprano,,,39.0,Nelly Furtado - Powerless (Africa Remix Live @ We Day 2011) + Speech
kim+atienza,male,Manila,television presenter,Philippines,,,,,50.0,It's Showtime: Vice and Kuya Kim's preparation
Nikki+Gil,female,Manila,singer,Philippines,,,,,30.0,Nikki Gil Part 1.mpg
Erika+de+la+Vega,female,Caracas,journalist,Venezuela,,,,,42.0,"El Show de Erika, Casi Late Night - [27/04/2014] - Parte V"
Romeo+Santos,male,The Bronx,singer,United States of America,,,,,36.0,"Romeo Santos On Working with Drake, Nicki Minaj and Marc Anthony"
yuvraj+singh,male,Chandigarh,cricketer,India,,,,,36.0,Yuvraj singh 7 rules of success Inspirational speech | Motivational interview
Travie+McCoy,male,New York City,singer,United States of America,,,,,36.0,Travis McCoy Speech
Lauren+Conrad,female,Laguna Beach,actor,United States of America,,,,,31.0,SPEECH: Lauren Conrad at Lucky Magazine Hosts FABB: Fashi...
David+Silva,male,Arguinegu√≠n,association football player,Spain,,,,,31.0,David Silva Montessori speech
Caio+Castro,male,Fortaleza,actor,Brazil,,,,,28.0,CAIO CASTRO SENSUALIAZANDO
THiaguinho,male,Presidente Prudente,composer,Brazil,,,,,34.0,N√£o tem hora nem lugar Rodriguinho part. Thiaguinho Ac√∫stico Semana Maluca
Titi+Kamal,female,Jakarta,actor,Indonesia,,,,,36.0,"Minimal "" Meet & Greet with Titi Kamal """
Pavel+Volya,male,Penza,actor,Russia,,,,Russian,38.0,Volya speech 2
JORGE+RIAL,male,Munro,journalist,Argentina,,,,,57.0,Rial advierte
Peter+Andre,male,London,singer-songwriter,United Kingdom,,,,,44.0,Peter Andre Breaks Down On TV While Talking About His Kids
Toni+Kroos,male,Greifswald,association football player,,,,,,27.0,Kroos and Bale speaking spanish on the stage
Mustafa+Ceceli,male,Ankara,singer,Turkey,,,,,37.0,MUSTAFA CECELI | VEGAS CITY HALL | 22 –ù–û–Ø–ë–†–Ø –ö–û–ù–¶–ï–†–¢ –í –ú–û–°–ö–í–ï
Giuliana+Rancic,female,Naples,actor,Italy,,,,,43.0,Giuliana Rancic Interviews Martha Stewart at Intuit QuickBooks Connect - Martha Stewart
Yesung,male,Seoul,singer,South Korea,,,,,33.0,130131 37 20Ôºö12 Super Junior Siwon Yesung Ryeowook EXO K @ Seoul Music Awards 2013 speech
Joey+Essex,male,Brentwood,autobiographer,United Kingdom,,,,,27.0,Yawning Joey Essex bored by Clegg speech
Heidi+Klum,female,Bergisch Gladbach,actor,United States of America,,,Germans,,44.0,Heidi Klum: I'm Not Voting for Donald Trump!
+Mustafa+agha,male,,,,,,,,54.0,Al Mustafa Scouts (Agha Jawad Naqvi)
Emma+Roberts,female,"Rhinebeck (village), New York",actor,United States of America,,,,,26.0,Emma Watson to United Nations: I'm a feminist
Busta+Rhymes,male,New York City,musician,United States of America,Islam,,,,45.0,Busta Rhymes Disses Trump at Grammys 2017
Nathan+Fillion,male,Edmonton,actor,Canada,,,,,46.0,Nathan Fillion 100th Castle Episode Speech
Pattie+Mallette,female,Stratford,autobiographer,Canada,,,French Canadian,,42.0,Justin Bieber's mom talks suicide attempt
Fabolous,male,Brooklyn,actor,United States of America,,,African Americans,,40.0,"Fabolous Speech By an Aligarian , Salman Khan Alig..... 2015"
Blake+Griffin,male,Oklahoma City,basketball player,United States of America,,,,,28.0,2015 Kia Optima Blake Griffin Commercial | ‚ÄúSpeech‚Äù | Official NBA Partner
Dana+White,male,Manchester,entrepreneur,United States of America,Buddhism,,,,48.0,The Ultimate Fighter Look Back: Do You Want to be a Fighter?
Espinoza+Paz,male,"Angostura, Sinaloa",musician,Mexico,,,,,39.0,ESPINOZA PAZ Y YESSENIA FIGUEROA EN VIVO
Seth+Rogen,male,Vancouver,actor,Canada,Judaism,,Jews,,41.0,Seth Rogen Opening Statement (C-SPAN)
Andy+Murray,male,Glasgow,tennis player,United Kingdom,,,Scottish people,English,30.0,Wimbledon 2012 Final ( Andy Murray's Speech)
Lali+Esposito,female,Buenos Aires,actor,Argentina,,,,,26.0,Lali Esposito habla de Israel
michelle+keegan,female,Stockport,actor,United Kingdom,,,,,30.0,Behind the scenes with Mark Wright and Michelle Keegan as they count down to their big day
Slash,male,London Borough of Camden,composer,United Kingdom,,,,,52.0,Slash's speech for Lemmy Memorial Service 09/01/2016
deadmau5,male,Toronto,music executive,Canada,,,,,36.0,deadmau5 admits he's Canadian & humps Tommy Lee's Leg
michael+owen,male,Chester,association football player,United Kingdom,,,,,38.0,Michael Owen's Liverpool regret?
Drake+Bell,male,Santa Ana,actor,United States of America,,,,,31.0,Drake Bell speech at The First Project
Ansel+Elgort,male,New York City,actor,United States of America,,,,,23.0,Ansel Elgort - Teen Choice Awards 2014! Acceptance Speech
Sara+Bareilles,female,Eureka,singer,United States of America,,,,,38.0,Ellen Page on Coming Out
Matt+Pokora,male,Strasbourg,composer,France,,,,French,32.0,Matt Pokora - speech avant C≈ìur voyageur @ Vienne - th√©atre antique 17 juillet 2015
Tito+El+Bambino,male,Carolina,singer,Puerto Rico,,,,,36.0,Tito El bambino in Mobile Al
Manuel+Neuer,male,Gelsenkirchen,association football player,Germany,,,,,31.0,MY STRUGGLE - Motivational Video
Seth+Meyers,male,Evanston,actor,United States of America,,,,,44.0,C-SPAN: Seth Meyers remarks at the 2011 White House Correspondents' Dinner
Janet+Jackson,female,Gary,television actor,United States of America,,mezzo-soprano,African Americans,,51.0,Gracious Janet Jackson commending so many standing ovations in one speech
Pau+Gasol,male,Barcelona,basketball player,Spain,,,,,37.0,Discurso de Pau Gasol ante el COI | Madrid 2020 (Pau Gasol speech | Madrid 2020)
Bill+Maher,male,New York City,film actor,United States of America,atheism,,,,61.0,Bill Maher @ Berkeley 2014 Winter Commencement
J+BALVIN,male,Medell√≠n,singer,Colombia,,,,,32.0,J Balvin - 2016 Hispanic Heritage Awards
Vinny+Guadagnino,male,Staten Island,dancer,United States of America,,,,,30.0,Vinny: Snooki changed drastically
Lea+Salonga,female,Manila,actor,Philippines,,mezzo-soprano,,,46.0,Ms. Lea Salonga's Speech
Manu+Ginobili,male,Bah√≠a Blanca,basketball player,Argentina,,,,,40.0,Manu Ginobili speech at Tim Duncan jersey retirement
Georgina+Wilson,female,Texas,model,United States of America,,,,,31.0,"Anne Curtis, Solenn Heusaff at Georgina Wilson fight for one guy!"
Dane+Cook,male,Boston,actor,United States of America,,,,,45.0,Dane Cook Gets Robbed By Brother
Jerry+Seinfeld,male,New York City,actor,United States of America,,,American Jews,,63.0,Jerry Seinfeld - All Awards Are Stupid
David+Copperfield,male,Metuchen,stage magician,United States of America,,,Jews,,61.0,"""David Copperfield"" - Live Speech At The Croods Premiere"
Tracy+Morgan,male,The Bronx,actor,United States of America,,,African Americans,,49.0,Tracy Morgan Emmys Speech 2015
Logan+Henderson,male,North Richland Hills,television actor,United States of America,,,,,28.0,Logan Henderson Palm Reading
Zlatan+Ibrahimoviƒá,male,Malm√∂,association football player,Sweden,,,,,36.0,Ibrahimovic in tears while giving a speech about two Swedish footballers and brother who passed away
Caitlyn+Jenner,transgender female,Mount Kisco,film producer,United States of America,,,,,68.0,Caitlyn Jenner's Moving Speech at the ESPY Awards | Nightline | ABC News
COMMON,male,Chicago,actor,United States of America,Christianity,,African Americans,,45.0,Common & John Legend Acceptance Speech Oscar 2015
Amber+Rose,female,Philadelphia,actor,United States of America,,,,,34.0,Amber Rose Breaks Down Crying Over Wiz Khalifa & Kanye West At Slut Walk - 10.3.15
Jacqueline+Fernandez,female,Bahrain,model,Sri Lanka,,,,,30.0,Jacqueline Fernandez Full Speech At Panbai International school
Karim+Benzema,male,Lyon,association football player,France,Islam,,,,30.0,Karim Benzema: Come back to national team?
Martha+Stewart,female,Jersey City,television presenter,United States of America,,,,,76.0,Martha Stewart's Top 10 Rules For Success (@MarthaStewart)
James+Maslow,male,New York City,actor,United States of America,,,,,27.0,James Maslow and Big Time Rush on KTLA Morning Show
Susana+Gimenez,female,Buenos Aires,actor,Argentina,,,Argentines of European descent,,73.0,Susana Pena Final Speech
David+Henrie,male,Mission Viejo,actor,United States of America,Roman Catholic,,Italian American,,28.0,David Henrie's speech in Peru (Piura)
Caspar+Lee,male,London,actor,South Africa,,,,,23.0,SHOCKING KARAOKE
Steve+Aoki,male,Miami,club DJ,United States of America,,,,,40.0,steve aoki speech at dwp14 Jakarta
James+Harden,male,Los Angeles,basketball player,United States of America,,,African Americans,,28.0,1-on-1 Interview with James Harden | NBA TV
shruti+haasan,female,Chennai,actor,India,Hinduism,,,,31.0,Shruti Hassan unseen childhood speech about Kamal Hassan
Sania+Mirza,female,Mumbai,tennis player,India,,,,,31.0,Martina Hingis & Sania Mirza 2015 WTA Finals Final Speech
Steve+Austin,male,Austin,actor,United States of America,,,,,53.0,"""Stone Cold"" gives his iconic ""Austin 3:16"" speech: King of the Ring 1996, only on WWE Network"
Sandara+Park,female,Busan,television actor,South Korea,,,,,33.0,[HD] 150128 GAON CHART AWARDS 2NE1 Dara Cut
Nina+Garcia,female,Barranquilla,journalist,Colombia,,,,,52.0,FIT Commencement - Nina Garcia
Hayes+Grier,male,,television presenter,United States of America,,,,,17.0,Hayes Grier INJURED In Dirt Bike Accident
Shay+Mitchell,female,Toronto,actor,Canada,,,,,30.0,Pretty Little Liars Farewell Letter | Shay Mitchell
Troye+Sivan,male,Johannesburg,actor,Australia,,,,,22.0,Troye Sivan's Full Acceptance Speech l 28th Annual GLAAD Media Awards
Reggie+Bush,male,San Diego,American football player,United States of America,,,,,32.0,College Football: Reggie Bush returns Heisman Trophy
Harsha+Bhogle,male,Hyderabad,journalist,India,,,,,56.0,harsha Bhogle at IIM
Juliana+Paes,female,Rio de Janeiro,actor,Brazil,,,,,38.0,"Meu Corpo, Minhas Regras - Olmo e A Gaivota / My Body, My Rules - Olmo and The Seagull"
Gary+Neville,male,Bury,association football player,United Kingdom,,,,,42.0,"Manchester United 1-2 Juventus all goals, Gary Neville Testimonal at Old Trafford (24/05/2011)"
Stephen+Curry,male,Akron,basketball player,United States of America,,,African Americans,,29.0,Stephen Curry MVP Speech Full Length
Tim+Tebow,male,Makati,American football player,United States of America,,,,,30.0,Tim Tebow Greatest Speech
Lewis+Hamilton,male,Stevenage,Formula One driver,United Kingdom,Catholicism,,,,32.0,Lewis Hamilton - International Racing Driver of the Year - AUTOSPORT Awards 2014
Giovanna+Antonelli,female,Rio de Janeiro,actor,Brazil,,,,,41.0,ONE WAY LADIES
Josh+Hutcherson,male,Union,actor,United States of America,,,,,25.0,Benicio Del Toro and Josh Hutcherson at the 23rd Annual GLAAD Media Awards #glaadawards
Fernando+Torres,male,Fuenlabrada,association football player,Spain,,,,,33.0,Fernando Torres Speech Atlantis 2016 mp4
Amr+Waked,male,Cairo,stage actor,Egypt,,,,,44.0,"Amr Waked in ""House of Saddam"""
Boman+Irani,male,Mumbai,actor,India,,,,,58.0,How A Shy Dyslexic Kid Became A Bollywood Star | Boman Irani
Lena+Dunham,female,New York City,actor,United States of America,,,,,31.0,Lena Dunham and America Ferrera's entire DNC speech
Leigh+Francis,male,Leeds,actor,United Kingdom,,,,,44.0,Leigh Francis wins Entertainment Performance award for Celebrity Juice | BAFTA TV Awards 2016
Willie+Col√≥n,male,The Bronx,singer,United States of America,,,,,67.0,MARIA HINOJOSA INTERVIEWS WILLIE COLON
Eser+YENENLER,male,Bursa,actor,Turkey,,,,,33.0,3 Adam - Kerem B√ºrsin'in Karizmatik ƒ∞ngilizcesi (2.Sezon 7.B√∂l√ºm)
The+Weeknd,male,Toronto,record producer,Canada,,tenor,,,27.0,Canada's Walk Of Fame 2014 The Weeknd receives the Allan Slaight award on TV!!
Shawn+Michaels,male,Chandler,professional wrestler,United States of America,,,,,52.0,Shawn Michaels Final Farewell Speech - Part 1
Steve+Harvey,male,Caracas,singer,Venezuela,,,,,74.0,Steve Harvey 'Jump' Motivational Speech
AB+de+Villiers,male,Pretoria,cricketer,South Africa,,,,,33.0,"AB de Villiers on his autobiography titled ""AB"""
Erin+Andrews,female,Lewiston,journalist,United States of America,,,,,39.0,Erin Andrews Civil Trial Plaintiff Closing Argument 03/04/16
Rajdeep+Sardesai,male,Gujarat,news presenter,India,,,,,52.0,Distinguished Public Lecture by Mr. Rajdeep Sardesai
chris+pratt,male,Virginia,actor,United States of America,Christianity,,,,38.0,Emotional Chris Pratt at his Hollwood Walk of Fame Star
Gabrielle+Union,female,Omaha,actor,United States of America,,,African Americans,,45.0,"Gabrielle Union: ""you are worthy because you are here."""
Sertab+Erener,female,Istanbul,singer,Turkey,,soprano,,,53.0,King's speech & Here I am
Sonu+Nigam,male,Faridabad,actor,India,,,,,44.0,Sonu Nigam ‡§Æ‡§∏‡•ç‡§ú‡§ø‡§¶‡•ã‡§Ç ‡§ï‡•Ä ‡§Ö‡§ú‡§æ‡§® ‡§∏‡•á ‡§®‡•Ä‡§Ç‡§¶ ‡§ñ‡§∞‡§æ‡§¨! ‡§¨‡§Ç‡§¶ ‡§π‡•ã ‡§Ø‡•á ‡§ó‡•Å‡§Ç‡§°‡§æ‡§ó‡§∞‡•ç‡§¶‡•Ä
Jason+Aldean,male,Georgia,singer,United States of America,,,,,40.0,Jason Aldean's Full Speech In His First Show Since The Las Vegas Shooting
Chris+Evans,male,Boston,actor,United States of America,,,,,34.0,The 'Captain America: Civil War' cast join Chris Evans for a battle hymn.
Mark+Wright,male,Berinsfield,association football player,United Kingdom,,,,,54.0,Mark Wright's emotional engagement party speech - The Only Way Is Essex
Cher++,female,El Centro,actor,United States of America,,contralto,,,71.0,The Second Presidential Debate: Hillary Clinton And Donald Trump (Full Debate) | NBC News
Alyssa+Milano,female,New York City,actor,United States of America,,,,,45.0,Alyssa Milano SPEECH Lysa Heslov at the Children Mending Hearts Gala  2010
Lisa+Surihani,female,Kuala Lumpur,actor,Malaysia,,,,,31.0,Speech by Lisa Surihani
Mario+G√∂tze,male,Memmingen,association football player,Germany,Christianity,,,,25.0,"German Footballers Speaking English - Reus, Gotze, Ozil, Muller, Kroos, Hummels..."
barkha+dutt,female,Delhi,news presenter,India,,,,,46.0,Barkha Dutt‚Äôs speech at The Telegraph National Debate 2016
Javier+Alatorre,male,Navojoa,news presenter,Mexico,,,,,54.0,Hector THE MONGOOSE Alatorre Fiery Speech to  Victor Ortiz
Axel,male,Santos,association football player,Brazil,,,,,47.0,"Kingdom Hearts 1.5 - 358/2 Days Fav Parts: Xion and Axel's Face Off // Day 357 ""Tears"""
Nil+Karaibrahimgil,female,Ankara,singer,Turkey,,,,,41.0,Nil
Kevin+Pietersen,male,Pietermaritzburg,cricketer,South Africa,,,,,37.0,Kevin Pietersen discusses his regrets - The Graham Norton Show: Series 16 Episode 3 - BBC One
Pablo+Albor√°n,male,Benalm√°dena,singer-songwriter,Spain,,tenor,,,28.0,Pablo Albor√°n chats with PausePlay about his Grammy nominated album
Santiago+Segura,male,Carabanchel,actor,Spain,,,,,52.0,Mon√≥logo de Santiago Segura en Los Goya 2012
Dr.+Dre,male,Compton,actor,United States of America,,,African Americans,,52.0,"2016 Rock & Roll Hall of Fame NWA's Complete Induction Speech pt 1 (Dre, Yella)"
Kat+Graham,female,Geneva,television actor,United States of America,,,African Americans,,28.0,Kat Graham cries while watchng a video made for her by fans + speech
Elon+Musk,male,Pretoria,entrepreneur,United States of America,,,,English,46.0,Elon Musk Incredible Speech - Motivational video By MulliganBrothers
Mark+Wahlberg,male,Boston,film actor,United States of America,Catholicism,,English American,,46.0,Pain and Gain motivational speech-Mark Wahlberg
Missy+Elliott,female,Portsmouth,actor,United States of America,,,African Americans,,46.0,TRIBUTE TO/ MISSY ELLIOTT:BILLBOARD WOMEN IN MUSIC
Alfie+Deyes,male,England,YouTuber,,,,,,24.0,THIS IS TOO FUNNY!!
Maria+Gad√∫,female,S√£o Paulo,singer,Brazil,,,,,31.0,Cely Jones - Jo√£o de Barro (Maria Gad√∫)
Solenn+Heussaff,female,Makati,actor,Philippines,,,Filipino people,,32.0,The Wedding of Solenn Heussaff and Nico Bolzico
Rohit+Sharma+,male,Nagpur,cricketer,India,,,,,30.0,Sandeep Maheshwari 7 Rules of Success Inspirational Speech | Motivational Seminar
Macklemore,male,Seattle,rapper,United States of America,,,,,34.0,Macklemore & Ryan Lewis Wins Best New Artist | GRAMMYs
william+levy,male,Cojimar,model,United States of America,,,,,37.0,"William Levy [@WillyLevy29] Tyson, Boris talk about Addicted"
Mike+Epps,male,Indianapolis,actor,United States of America,,,African Americans,,47.0,Mike Epps clowns Debo
Tarkan,male,Alzey,singer,Turkey,,,,,45.0,Romano Tarkan 2010 Ka Zivinav Sa Te Mislensa by Studio Dekica
carolina+dieckmann,female,Rio de Janeiro,actor,Brazil,,,,,39.0,Lara Fabian - Brasil - Planeta Xuxa (Globo)
Fanny+Lu,female,Cali,actor,Colombia,,,,,44.0,"Jimmy Buffett feat. Fanny Lu ""I Want To Go Back To Cartagena"" Music Video"
Elizabeth+Gillies,female,Haworth,actor,United States of America,,,,,24.0,Powerful Tribute Speech! | Ariana Grande Snapchat Vlogs
Lee+Min+Ho,male,Seoul,singer,South Korea,,,,,35.0,{ ENG SUBS } 2010 MBC Drama Awards - Lee Min Ho Cuts
Markus+Persson,male,Stockholm,game programmer,Sweden,,,,Swedish,38.0,Fireside Chat with Notch - MineCon 2012
Yalƒ±n,male,Istanbul,singer,Turkey,,,,,37.0,An inspiring LGBT speech- NEW YORK CITY- Greenwich Village
Dermot+O'Leary,male,Colchester,radio personality,United Kingdom,,,,,44.0,Ed Sheeran chats to Dermot O'Leary | The BRITs 2017
Emilio+Lovera,male,Caracas,actor,Venezuela,,,,,56.0,Pepeto chiste mono rama
Russell+Westbrook,male,Long Beach,basketball player,United States of America,,,African Americans,,29.0,Russell Westbrook Full KIA MVP Presentation & Speech | NBA Awards 2017
Henry+Lau,male,Toronto,violinist,People's Republic of China,,,,,28.0,Henry Lau Speech - END SS5 IN BRAZIL
Trevor+Noah,male,Johannesburg,comedian,South Africa,,,,,33.0,Trevor Noah: Is the World Getting Better? #GOALKEEPERS17
arjun+rampal,male,Jabalpur,actor,India,,,,,45.0,Arjun Rampal Full Speech At Grant Tree Plantation Drive
Ryan+Sheckler,male,La Palma,skateboarder,United States of America,,,,,28.0,Sports Spectacular 2009 Acceptance Speech / Ryan Sheckler
Nicolas+Vazquez,male,Buenos Aires,actor,Argentina,,,,,40.0,Laudatory Speech from Habib Chamoun-Nicolas for Josefina V√°zquez Mota
Chris+Hardwick,male,,,United States of America,,,,,34.0,Chris Hardwick tells Bill Maher about his career
√Ålvaro+Morata,male,Madrid,association football player,Spain,,,,,25.0,√Ålvaro Morata joins Chelsea on five-year contract
kerry+washington,female,The Bronx,actor,United States of America,,,African Americans,,40.0,Kerry Washington Accepts the Vanguard Award at the #GLAADAWARDS
Marcelo+Adnet,male,Rio de Janeiro,actor,Brazil,,,,,36.0,Marcelo Adnet Gol e Tam
Alfredo+Flores,male,Barcelona,,Spain,,,,,102.0,Alfredo Flores speaking Norwegian
CAROLE+SAMAHA,female,Beirut,singer,Lebanon,,,,,45.0,Carole Samaha - Social Justice Day Speech / ŸÉÿßÿ±ŸàŸÑ ÿ≥ŸÖÿßÿ≠ÿ© - ŸÉŸÑŸÖÿ© ÿßŸÑŸäŸàŸÖ ÿßŸÑÿπÿßŸÑŸÖŸä ŸÑŸÑÿπÿØÿßŸÑÿ© ÿßŸÑÿßÿ¨ÿ™ŸÖÿßÿπŸäÿ©
Tony+Robbins,male,North Hollywood,motivational speaker,United States of America,,,Croats,,57.0,Tony Robbins 2017 Motivational Video The Speech to Inspire Masses
GARY+VALENCIANO,male,Manila,singer,Philippines,,tenor,,,53.0,On X's and passion | Gary Valenciano | TEDxXavierSchool
Kendra+Wilkinson,female,San Diego,television actor,United States of America,,,,,32.0,Kendra Wilkinson reacts to Hugh Hefner reuniting with Cry...
Gordon+Ramsay,male,Johnstone,cook,United Kingdom,,,,,51.0,Gordon Ramsay's Inspirational Speech
Chris+Gayle,male,Kingston,cricketer,Australia,,,,,38.0,"No Boundaries by Sid Mallya - Chris Gayle, Episode1"
"Tyler,+The+Creator",male,Los Angeles,actor,United States of America,,,African Americans,,26.0,Tyler the Creator Winning Best New Artist! (2011)
Kenan+Doƒüulu,male,Istanbul,singer,Turkey,,,,,43.0,Kenan Doƒüulu - Onuncu Yƒ±l Mar≈üƒ± (Canlƒ± Performans)
Rory+Mcilroy,male,Holywood,golfer,United Kingdom,,,,,28.0,Rory McIlroy Speech after winning the Open Championship.
Gisella+Anastasia,female,,singer,Indonesia,,,,,27.0,Iklan Kotex ProActive Guards - Gisella Anastasia [Official]
Paul+Walker,male,Glendale,film actor,United States of America,Church of Jesus Christ of Latter-day Saints,,,,44.0,Paul Walker honored - ‚ÄéNoble Awards 2015‚Ä¨
Farruko,male,"Bayam√≥n, Puerto Rico",singer,Puerto Rico,,,,,26.0,Terry Farruk VP of Sales speech 2014
Jhong+hilario,male,Makati,television presenter,Philippines,,,,,41.0,Tawag ng Tanghalan: Jhong imitates the voice of Big Brother
Ian+McKellen,male,Burnley,voice actor,United Kingdom,atheism,,,,78.0,Ian McKellen - Full Address
XIAN+LIM,male,San Francisco,singer,United States of America,,,Chinese Filipino,,28.0,Kim Chiu and Xian Lim's speech for KimXian's fan group (complete)
Zaira+Nara,female,Boulogne Sur Mer,model,Argentina,,,,,29.0,Seedling Mentor Program - Zaira Garcia's Keynote Speech
Deepak+Chopra,male,New Delhi,motivational speaker,India,,,,,71.0,"Deepak Chopra : Physical Healing, Emotional Wellbeing"
Ice+Cube,male,Los Angeles,film actor,United States of America,Islam,,African Americans,,48.0,Ice Cube of N.W.A Accepts Rock and Roll Hall of Fame Award
David+Lynch,male,Missoula,film director,United States of America,,,,,71.0,"David Lynch on Consciousness, Creativity and the Brain (Transcendental Meditation)"
Jeremy+Piven,male,New York City,actor,United States of America,,,,,52.0,"Best Sales Lesson ever by Jeremy Piven in ""The Goods: Live Hard, Sell Hard"""
Felicia+Day,female,Huntsville,actor,United States of America,,,,,38.0,Felicia Day (The Guild) wins Best Female Actor in a Comedy Web Series
Shraddha+Kapoor,female,Gujarat,actor,India,,,,,30.0,Rajeev Masand interview with Shraddha Kapoor
Biz+Stone,male,San Francisco,creative director,United States of America,,,,English,43.0,"Biz Stone, Co-Founder of Twitter"
Tom+Daley,male,Plymouth,diver,United Kingdom,,,,English,23.0,Tom Daley and Dustin Lance Black' acceptance speech at the #BritishLGBTAwards
Chris+Colfer,male,Clovis,actor,United States of America,,contratenor,,,27.0,Golden Globes 2011: Chris Colfer (Glee) wins for best performance by an actor in a supporting role
Ashley+Cole,male,Stepney,association football player,United Kingdom,,,,,37.0,Jimmy Hill's Sunday Supplement - Ashley Cole Tapping Up Saga
Chris+Jericho,male,New York City,singer,United States of America,,,,,47.0,Jericho's speech
Jack+Johnson,male,Honolulu,singer-songwriter,United States of America,,,,,42.0,Speech - Jack Johnson
Dani+Bolina,female,Porto Alegre,model,Brazil,,,,,33.0,Women Training Motivation - Brazilian Ass & Legs.avi
Joey+Graceffa,male,Marlborough,YouTuber,United States of America,,,,,26.0,SPEECH JAMMER CHALLENGE w/ JOEY GRACEFFA // Grace Helbig
Joe+Sugg,male,Wiltshire,YouTuber,United Kingdom,,,,,26.0,YOUTUBER WHISPERS VS SPEECH JAMMER!
kate+del+castillo,female,Mexico City,television actor,United States of America,,,,,52.0,Actress Kate del Castillo Opens Up About Being In An Abusive Relationship
Aaron+Paul,male,Emmett,actor,United States of America,,,,,38.0,"Aaron Paul wins an Emmy for ""Breaking Bad"" 2014"
Manny+Pacquiao,male,Kibawe,politician,Philippines,,,,Filipino language,39.0,Mayweather vs Pacquiao Final Press Conference: Manny Pacquiao Speech
Lauren+London,female,Los Angeles,actor,United States of America,,,,,33.0,"Toya Talks Lauren London, Nivea and Sarah Vivan"
Paul+McCartney,male,Liverpool,singer,United Kingdom,,tenor,,,75.0,Paul McCartney inducts John Lennon into the Rock and Roll Hall of Fame
Ross+Lynch,male,Littleton,actor,United States of America,,,,,22.0,"Ross Lynch Speech ""R5 at the Greek "" - Sub Espa√±ol"
Mandy+Moore,female,Nashua,singer,United States of America,,,,,33.0,Mandy Moore & Travis Wall - Outstanding Choreography - Creative Arts Emmy's
ADAM+LAMBERT,male,Indianapolis,actor,United States of America,,tenor,,,35.0,HD Edit Adam Lambert's Speech at Resist March LA Pride 6/11/17
anand+mahindra,male,Mumbai,entrepreneur,India,,,,,62.0,Anand Mahindra's inspiring speech for Whistling Woods Graduation Students
Bill+Nye,male,"Washington, D.C.",engineer,United States of America,,,,,62.0,"Bill Nye, The Science Guy - UMass Lowell 2014 Commencement Morning Speaker (32:27)"
Soimah,female,Pati,presenter,Indonesia,,,,,37.0,Speech Composing Soimah - Artis Papan Atas (Edisi Spesial SHOW IMAH Trans TV)
Greyson+Chance,male,Wichita Falls,singer-songwriter,United States of America,,,,,20.0,Greyson Chance I Heart interview Nov  2015
Jim+Gaffigan,male,Chesterton,screenwriter,United States of America,,,,,51.0,CUA Commencement 2016-Jim and Jeanne Gaffigan's Speech
Denise+Richards,female,Downers Grove,television actor,United States of America,,,,,46.0,"Charlie Sheen Weighs In On Denise Richards, Publicist (03.01.11)"
Richard+Hammond,male,Solihull,television presenter,United Kingdom,,,,,48.0,"Jeremy Clarkson, Richard Hammond & James May Show Us the Last Thing on Their Phones | WIRED"
Davina+McCall,female,Wimbledon,actor,United Kingdom,,,,,50.0,"Davina McCall On Boosting Confidence: ""Fake It Till You Make It"""
David+Ospina,male,Medell√≠n,association football player,Colombia,,,,,29.0,Rio praises Ospina after surprise call up
Emre+Aydƒ±n,male,Isparta,singer-songwriter,Turkey,,,,,36.0,"Emre's post-concert speech on Beethoven, Napoleon and Terrorism (English subtitles)"
Rapha√´l+Varane,male,Lille,association football player,,,,,,24.0,"Rapha√´l Varane - Amazing Defending, Skills & Goals 2016/17 | Reaction"
Christian+Bautista,male,Imus,singer,Philippines,,,,,36.0,ASEAN Spirit
Kyrie+Irving,male,Melbourne,basketball player,United States of America,,,African Americans,,25.0,Kyrie Irving Speech | Cleveland Cavaliers Championship Parade
Yosri+Fouda,male,Gharbia Governorate,journalist,Egypt,,,,,53.0,AUC's Spring 2012 Graduate Commencement Speech | Yousri Fouda
Ruffa+Gutierrez,female,Manila,actor,Philippines,,,,,43.0,Richard Gutierrez explains medical situation faced by sister Ruffa Gutierrez
Anthony+Bourdain,male,New York City,cook,United States of America,atheism,,,,61.0,Anthony Bourdain - Parts Unknown - 2013 Peabody Award Acceptance Speech
Rachel+Zoe,female,New York City,wardrobe stylist,United States of America,,,,,46.0,Brad Goreski's Relationship With Rachel Zoe | HPL
DJ+KHALED,male,New Orleans,disc jockey,United States of America,None,,,,42.0,Motivational speech Dj Khaled
Angelica+Vale,female,Mexico City,actor,Mexico,,,,,42.0,Ceremony Selena Quintanilla Star Hollywood Walk of fame
Jason+Segel,male,Los Angeles,actor,United States of America,,,,,37.0,Jason Segel gives his speech at Neil Patrick Harris star ceremony.mp4
andhika+pratama,male,Malang,actor,,,,,,31.0,Ku Pilih Hatimu - Ussy ft. Andhika Pratama (Official Video Clip)
Robbie+Williams,male,Stoke-on-Trent,singer,United Kingdom,,tenor,,,43.0,Robin Williams - the most inspiring robin williams speech - make your life spectacular
James+May,male,Bristol,television presenter,United Kingdom,,,,,54.0,Top Gear Presenter James May Reacts To Jeremy Clarkson Being Sacked By BBC
zaheer+khan,male,Lahore,cricketer,,,,,,38.0,Zakir Khan - What happens when you fail in an exam! AIB Diwas
Kendall+Schmidt,male,Wichita,singer,United States of America,,,,,27.0,"Kendall Schmidt Talks to Popstar! About Movies, Snacks, and Big Time Rush!"
EL+MORENO+MICHAEL,male,,singer,Venezuela,,,,,50.0,Around the World in 80 Days Wins Best Picture: 1957 Oscars
Jeremy+Bieber,male,Stratford,,Canada,,,,,42.0,Justin Bieber Reacts to Dad Jeremy's Comments About His Nude Photos
Nathan+Kress,male,Glendale,actor,United States of America,,,,,25.0,Sam & Nathan's Wedding Day Final
Hardwell,male,Breda,record producer,Kingdom of the Netherlands,,,,,29.0,Hardwell - How Hardwell Growth Hacked His Career | TNW Conference 2017
Charlotte+Crosby,female,Sunderland,television presenter,United Kingdom,,,,,27.0,Geordie Shore BBB | Charlotte & Gary React To Their Own Love Story!! | MTV
sarah+sechan,female,Bandung,,Indonesia,,,,,43.0,Speech Composing Sarah Sechan - Oh My God (Spesial Sarah Sechan NET TV)
Tom+Hiddleston,male,Westminster,stage actor,United Kingdom,,,,,36.0,Tom Hiddleston Wins Best Actor in a Limited Series at the 2017 Globes
Rajinikanth,male,Bangalore,actor,India,,,,,67.0,I am a 'Pachai Tamizhan' - Superstar Rajinikanth's Speech at Last Day Fans meeting | Thanthi TV
Marcus+Butler,male,,YouTuber,,,,,,26.0,How To Speak Australian
Andr√©s+Cepeda,male,Bogota,singer,Colombia,,,,,44.0,Interview with Juan Cepeda-Rizo
Patton+Oswalt,male,Portsmouth,actor,United States of America,atheism,,,,45.0,Patton Oswalt Wins Best Comedy Album | Acceptance Speech | 59th GRAMMYs
Triple+H,male,Nashua,professional wrestler,United States of America,,,,,48.0,Triple H gives hilarious & inspiring speech
Sebastian+Rulli,male,Buenos Aires,model,Argentina,,,,,42.0,Sebastian Rulli concluye su participaci√≥n en Perfume de Gardenias
Carlos+Baute,male,Caracas,singer,Venezuela,,,,,43.0,"Merymel en ""Premios Latino"" (Speech)"
Audrina+Patridge,female,Los Angeles,film actor,United States of America,,,,,32.0,Donald Trump Meets Audrina Patridge | Throwback Thursday | VH1
Danna+Paola,female,Guadalajara,television actor,Mexico,,,,,22.0,Danna Paola en 100 Mexicanos Dijieron
Katt+Williams,male,Cincinnati,actor,United States of America,,,African Americans,,44.0,Katt Williams BET Comedy Awards
Pepe,male,Macei√≥,association football player,Portugal,,,,,34.0,"""PEPE!"" Livestreaming the moment from Hillary's alt-right speech"
Levent+√úz√ºmc√º,male,ƒ∞zmir,actor,Turkey,,,,,45.0,Erdoƒüan Stamping Out Press Freedom In Turkey
Shane+Warne,male,Upper Ferntree Gully,cricketer,Australia,,,,,48.0,Australian Cricketer Shane Warne Speech Rarest Video
French+Montana,male,Casablanca,rapper,United States of America,,,,,33.0,French Montana Tells His Story - THE GENESIS
Keith+Urban,male,Whangarei,singer,Australia,,,,,50.0,"2017 CMT Awards: Keith Urban Takes Home 4 Awards, Adorably Dedicates Trophy to Wife Nicole Kidman"
Najwa+Shihab,female,Makassar,television presenter,Indonesia,,,,,40.0,"Geli Banget, Karya Eka Gustiwana Remix Najwa Shihab Cs"
Adal+Ramones,male,Monterrey,actor,Mexico,,,,,56.0,[MONOLOGO] Modas / Adal Ramones
Belal+Fadl,male,,screenwriter,Egypt,,,,,44.0,What's So Funny About Egypt? - Interview with Belal Fadl
Giovani+Dos+Santos,male,Monterrey,association football player,Mexico,,,,,28.0,Conan Plays F√πtbol With Giovani Dos Santos
Mike+Vick,male,Southampton,guitarist,United Kingdom,,,,,77.0,Michael Vick's press conference and statement
Marco+Reus,male,Dortmund,association football player,Germany,,,,,28.0,Gianluigi Buffon vs. Marco Reus | Head to Head Interview | PUMA Football
bob+saget,male,Philadelphia,film actor,United States of America,,,American Jews,,61.0,Bob Saget Admits 'Inappropriate Acts' in New Book
Tom+Felton,male,Epsom,actor,United Kingdom,,,,,30.0,"Teen Choice Awards 2011 - Daniel Radcliffe, Rupert Grint & Tom Felton - Harry Potter Awards"
Sharon+Osbourne,female,Brixton,actor,United Kingdom,,,,,65.0,Watch Sharon Osbourne Kick Man Who Crashed 'The Talk' People's Choice Speech - Twice!
MARTIN+GARRIX,male,Amstelveen,record producer,Kingdom of the Netherlands,,,,Dutch,21.0,"Martin Garrix Talks Ed Sheeran, Ultra Music Festival & ‚ÄòRewind Repeat It‚Äô | MTV News"
Steve+Nash,male,Johannesburg,basketball player,Canada,,,,,43.0,Steve Nash Inducted Into Phoenix Suns Ring of Honor
ananda+omesh,male,Sukabumi,actor,Indonesia,,,,,31.0,Great lesson for parents...(omesh jethani)
Maria+Shriver,female,Chicago,journalist,United States of America,Catholicism,,,,62.0,2012 USC Annenberg School for Communication Commencement Address
Thomas+M√ºller,male,Weilheim in Oberbayern,association football player,Germany,,,,,28.0,Thomas Muller Speaking English
Yusuf+Mansur,male,,,,,,,,41.0,Ustad Yusuf Mansur Speech for Leader
Vincent+Kompany,male,Uccle,association football player,Belgium,,,,,31.0,KOMPANY & DAUGHTER ON TITLE | City v West Ham Champions 2014
Willie+Robertson,male,Bernice,chief executive officer,United States of America,Christianity,,,,45.0,FULL SPEECH: Willie Robertson of Duck Dynasty at Republican National Convention
Stromae,male,Brussels,singer-songwriter,Belgium,,,,,32.0,Stromae English Interview With Gilles Peterson
Neil+Gaiman,male,Portsmouth,beekeeper,United Kingdom,atheism,,English people,,57.0,"Neil Gaiman 2012 Commencement Speech ""Make Good Art"""
Moez+Masoud,male,Cairo,Hafiz,Egypt,,,,,39.0,The Secrets of this World - Moez Masoud
David+Spade,male,Birmingham,actor,United States of America,,,,,53.0,David Spade enters the 'No Spin Zone'
Paula+Abdul,female,San Fernando,actor,United States of America,,,,,55.0,Paula Abdul's 'Idol' finale speech to Simon Cowell
Daniel+Bryan,male,Aberdeen,professional wrestler,United States of America,,,,,36.0,"Daniel Bryan bids farewell to the WWE Universe: Raw, February 8, 2016"
Derrick+Rose,male,Chicago,basketball player,United States of America,,,African Americans,,29.0,DERRICK ROSE 2010-2011 MVP AWARD PRESENTATION & SPEECH (ORIGINAL VIDEO)
Fernando+Alonso,male,Oviedo,Formula One driver,Spain,,,,,36.0,Fernando Alonso 2017 Indianapolis Indy 500 Victory Banquet - Presentation & Speech
Rebel+Wilson,female,Sydney,actor,Australia,,,,,37.0,Baftas 2016: Rebel Wilson's deadpan speech
Michael+Bubl√©,male,Burnaby,singer,Canada,,tenor,,,42.0,Emotional Michael Buble calls his kids inspiring in awards speech
Robi+Domingo,male,Quezon City,model,Philippines,,,,,28.0,Robi Domingo Expressed True Feelings for Gretchen Ho at Bb. Pilipinas 2017 Stage!!
≈ûahan+G√∂kbakar,male,ƒ∞zmir,actor,Turkey,,,,,37.0,Sahan Karo - Safal Bano
Anthony+Padilla,male,Sacramento County,actor,United States of America,,,,,30.0,Problem-Solution Speech - Anthony Padilla
Luke+Brooks,male,Sydney,rugby league player,Australia,,,,,23.0,Luke Brooks Inspired Advice Speech
Amy+Schumer,female,Manhattan,actor,United States of America,,,American Jews,,36.0,Amy Schumer Hilarious Acceptance Speech | Glamour UK
Craig+Ferguson,male,Glasgow,actor,United States of America,,,,,55.0,Craig Ferguson Speaks From The Heart
Ayushmann+Khurrana,male,Chandigarh,actor,India,,,,,33.0,Ayushmann Khurrana: Courage comes from failure
kylie+minogue,female,Melbourne,television actor,Australia,,soprano,Anglo-Celtic Australian,,49.0,Kylie Minogue - Inducted into the ARIA Hall of Fame (Speech)
juicy+j,male,Memphis,rapper,United States of America,,,,,42.0,Wiz Khalifa - Respect ft. Juicy J & K Camp (Cabin Fever 3)
Manu+Gavassi,female,S√£o Paulo,vocalist,Brazil,,,,,24.0,"Manu Gavassi, RBD e Demi Lovato no Se Liga | Purebreak"
Seu+Jorge,male,Belford Roxo,actor,Brazil,,,,,47.0,SEU JORGE - NOTAS  ALTAS (HIGH NOTES)
